# git_commit=5c7a646-dirty; timestamp=2026-06-05T21:37:58; bin_width_ns=20; bin_offset_ns=0; baseline_mode=RECIRC; host=debian
timestamp,dut_count,base_count,dut_min,dut_max,dut_avg,jitter,base_min,base_max,base_avg,base_std,base_total_hist,corrected_avg,corrected_min,corrected_max
1.001,30518463,11589340,197186,201984,153.3929664806514,4798,640,674,650.018442411408,0.6070486847220925,15770172,824.2123268193612,196535.9815575886,201333.9815575886
6.321,63173563,24098450,197186,201984,31.694398288094025,4798,639,674,650.0186110381743,0.6098381409958578,28403574,1096.5198505002872,196535.98138896184,201333.98138896184
11.061,92079132,35167628,197186,202025,26.362278371607587,4839,639,674,650.0186482204309,0.6104396199602027,40247272,1035.0626525925773,196535.98135177957,201374.98135177957
16.160,123306970,47117418,197186,202025,16.348704018921232,4839,639,674,650.0186605169266,0.6106367700532286,52835621,1106.293266088578,196535.98133948309,201374.98133948309
21.919,158634631,60644910,197186,202025,26.13328113708034,4839,639,674,650.0186461546622,0.6104092874357586,66434073,1123.7091644962252,196535.98135384533,201374.98135384533
27.321,191690880,73303440,197186,202025,21.475038035195,4839,639,674,650.0185696338531,0.6091537450272881,78280488,1156.8397753871848,196535.98143036614,201374.98143036614
32.380,222642787,85157626,197186,202025,21.576551379587247,4839,639,675,650.0185219630733,0.6083698862356688,90292805,1156.8398230579646,196535.98147803693,201374.98147803693
37.608,254717432,97440734,197186,202025,8.974559762364438,4839,639,675,650.0185140865193,0.6082390105011686,101684736,1156.8398309345184,196535.98148591348,201374.98148591348
42.426,284174560,108716222,197186,202027,8.339893500670856,4841,639,675,650.0185136667708,0.6082308440226135,112834482,1156.839831354267,196535.98148633324,201376.98148633324
47.093,312766927,119662844,197186,202027,15.104007237312532,4841,639,675,650.0185209534163,0.6083493221836562,124463355,1161.792064004801,196535.98147904658,201376.98147904658
52.029,342970172,131230344,2919,202027,11.891848889413042,199108,639,675,650.0185343078084,0.6085675562173862,135193611,1121.8694324971707,2268.9814656921917,201376.9814656922
56.637,371227755,142048518,2919,202027,12.48966569862213,199108,639,675,650.0185155788245,0.6082595196048722,146878476,1164.7727729874186,2268.9814844211755,201376.98148442118
61.524,401122569,153497356,2919,202027,6.70653899057971,199108,639,675,650.01854008261,0.6086608938703587,157384412,1154.9050073180015,2268.98145991739,201376.98145991738
66.922,434183561,166157237,2919,202027,8.994977711742523,199108,639,675,650.018563245708,0.6090399922065082,170357062,1169.8190551575397,2268.981436754292,201376.9814367543
71.818,464222722,177662372,2919,202027,8.324189504020012,199108,639,675,650.0185565391419,0.6089295869031488,181733241,1181.8261680793055,2268.981443460858,201376.98144346086
76.503,492929108,188658583,2919,202027,5.910296139379134,199108,639,675,650.0185524001241,0.608861296252959,193537223,1124.6451247299206,2268.981447599876,201376.9814475999
81.523,523637268,200416466,2919,202027,8.806737013989615,199108,639,675,650.0185592451596,0.6089731369633343,204500774,1135.8824628097086,2268.98144075484,201376.98144075484
86.603,554855746,212374010,2919,202027,6.426957914210733,199108,639,675,650.0185504757023,0.6088290249785803,216574500,1133.543023361804,2268.9814495242977,201376.9814495243
91.375,583978865,223530682,2919,202027,9.405902604026602,199108,639,675,650.018561847809,0.6090179727152258,229070944,1136.5317871053317,2268.981438152191,201376.9814381522
96.663,616340642,235923462,2919,202027,3.089792113692869,199108,639,675,650.0185424318278,0.6086992583264063,240666383,1136.5318065213128,2268.981457568172,201376.98145756818
101.832,648329294,248218540,2919,202027,6.904550404288843,199108,639,675,650.0185487344996,0.6088022198338544,252407516,1136.531800218641,2268.9814512655003,201376.9814512655
106.722,677922790,259506322,2919,202027,5.721865389714956,199108,639,675,650.0185616946442,0.6090143354523585,263608474,1147.1787039303558,2268.981438305356,201376.98143830535
111.739,708744846,271312616,2919,202027,7.0575012971593445,199108,639,675,650.0185536716948,0.6088825070919724,275473237,1152.6502566176941,2268.981446328305,201376.9814463283
116.452,738061753,282614899,2919,202027,10.96204661481761,199108,639,675,650.0185652068508,0.6090712906186057,286843020,1104.8256970882312,2268.981434793149,201376.98143479315
121.300,767161179,293679176,2919,202030,6.799471619248867,199111,639,675,650.0185653582975,0.6090735199471318,297793337,1073.3617560400676,2268.9814346417024,201379.9814346417
126.337,798034214,305501396,2919,202030,3.4678704539853227,199111,639,675,650.0185625789208,0.6090277181672877,309580906,1080.425294752651,2268.981437421079,201379.98143742108
131.793,833113548,318985530,2919,202030,9.467103492596186,199111,639,675,650.0185665245687,0.6090921136947677,323126710,1086.3779454015662,2268.9814334754315,201379.98143347542
136.756,861820083,329928762,2919,202030,5.185482650211111,199111,639,675,650.0185598650148,0.6089827592732341,334756745,1089.8231961329434,2268.981440134985,201379.981440135
141.721,892231752,341576258,2919,202030,6.399462080564915,199111,639,675,650.0185572826556,0.6089402360388368,346285613,1089.8231987153026,2268.981442717344,201379.98144271734
146.678,922634563,353218540,2919,202030,6.488867293821508,199111,639,675,650.0185593888018,0.6089745814067644,357372760,1089.8231966091564,2268.981440611198,201379.98144061118
151.763,953739004,365130940,2919,202030,3.9928117441236575,199111,639,675,650.0185658722996,0.6090806623994178,369291563,1086.4841131340327,2268.9814341277006,201379.9814341277
156.487,982696997,376226888,2919,202030,4.36235280364859,199111,639,681,650.0185658591732,0.6090820142631582,380600754,1086.484113147159,2268.981434140827,201379.98143414082
161.301,1012199356,387525980,2919,202030,3.5610054339927877,199111,639,681,650.0185632799158,0.6090395375259959,392382167,1087.932564539633,2268.9814367200843,201379.9814367201
166.311,1042857645,399268610,2919,202030,4.206398292261644,199111,639,681,650.0185569287523,0.6089368716964605,404111052,1094.5066346198894,2268.9814430712477,201379.98144307124
171.289,1073319143,410923020,2919,202030,6.463175490013598,199111,639,681,650.018552326753,0.6088612087171725,415573750,1081.753599571981,2268.981447673247,201379.98144767326
176.193,1103384741,422441558,2919,202030,2.5051975981603682,199111,639,681,650.0185565793203,0.6089322553055907,426599098,1084.3888828670465,2268.9814434206796,201379.9814434207
180.903,1132230758,433483158,2919,202030,6.792262080553724,199111,639,681,650.0185602163259,0.6089916368855947,437600503,1079.9383532188485,2268.981439783674,201379.98143978367
185.597,1160954633,444483028,2919,202030,3.8658533860211572,199111,639,681,650.0185509953523,0.6088402672828758,448453565,1056.6789000574736,2268.981449004648,201379.98144900464
190.224,1189270394,455326830,2919,202030,4.931334574196085,199111,639,681,650.018550628188,0.6088354728748502,459201700,1059.7350805540145,2268.9814493718122,201379.98144937181
195.438,1221202618,467555790,2919,202030,3.432799035319461,199111,639,681,650.0185453838833,0.6087492315681693,471359345,1058.738172638331,2268.981454616117,201379.98145461612
199.893,1248480694,477999770,2919,202030,2.154480174925316,199111,639,681,650.0185400414274,0.6086614157542924,481777780,1050.7682530741326,2268.9814599585725,201379.98145995857
204.366,1275933732,488516194,2919,202030,1.3833007473149868,199111,639,681,650.0185359113304,0.6085934760139035,492418195,1049.1847893397953,2268.98146408867,201379.98146408866
208.922,1303774158,499175137,2919,202030,6.433777706460723,199111,639,681,650.0185367443006,0.6086069406107277,503007424,1050.0766025049643,2268.9814632556995,201379.9814632557
213.441,1331504606,509794223,2919,202030,2.49107939698708,199111,639,681,650.0185393947737,0.608650215600329,513825835,1056.1871826760712,2268.9814606052264,201379.98146060522
218.097,1360012759,520715936,2919,202030,2.319918533205467,199111,639,681,650.0185361332334,0.6085965394466231,524767484,1062.0501970204054,2268.9814638667667,201379.98146386677
222.666,1388025012,531434533,2919,202030,1.6459192739676654,199111,639,681,650.0185324538777,0.6085360201228542,535266407,1062.050200699761,2268.981467546122,201379.9814675461
227.183,1415623595,542004128,2919,202030,2.9178601653640848,199111,639,681,650.0185334389421,0.6085520083858342,545999047,1062.0501997146966,2268.981466561058,201379.98146656106
231.759,1443721095,552765998,2919,202030,2.005274305422544,199111,639,681,650.0185356331755,0.6085878348821392,556717966,1062.4566285358765,2268.9814643668246,201379.98146436684
236.337,1471683402,563477426,2919,202030,1.3233919675612404,199111,639,681,650.0185404491136,0.6086666592249271,567488950,1064.4588768018239,2268.9814595508865,201379.98145955088
240.929,1499810115,574248196,2919,202030,1.939894429235797,199111,639,681,650.0185441880923,0.6087278218201081,578146638,1084.0818742219494,2268.981455811908,201379.9814558119
245.497,1527810648,584971564,2909,202030,2.7336891338382663,199121,639,681,650.0185392107815,0.6086460566162961,588919352,1097.1371749640964,2258.9814607892185,201379.98146078922
250.124,1556090633,595801444,2909,202030,4.336648396237727,199121,639,681,650.0185385363739,0.6086348549458329,599796002,1081.8999086499036,2258.981461463626,201379.9814614636
254.727,1584271984,606593957,2909,202030,3.633345324624512,199121,639,681,650.0185383271538,0.608631289889174,610452060,1084.246081555887,2258.9814616728463,201379.98146167284
259.992,1616525050,618944447,2909,202030,2.270377772989042,199121,639,681,650.0185335591946,0.6085529411862415,622834496,1081.8176448943989,2258.9814664408054,201379.9814664408
264.517,1644250445,629562346,2909,202030,3.612908503120399,199121,639,681,650.0185378587877,0.6086233354582559,633418354,1081.646486771754,2258.9814621412124,201379.9814621412
269.016,1671776194,640103188,2909,202030,1.5253405008110792,199121,639,681,650.0185383589949,0.6086314212803638,643839080,1081.646486271547,2258.981461641005,201379.981461641
273.464,1699112031,650576996,2909,202030,2.351488965473637,199121,639,681,650.0185353393567,0.6085817818960064,654440675,1081.9823041737257,2258.9814646606433,201379.98146466064
277.994,1726739495,661151512,2909,202030,2.6581930814062953,199121,639,681,650.0185317434997,0.6085226906347588,665040502,1077.2656557051164,2258.9814682565,201379.9814682565
282.489,1754283559,671702258,2909,202030,1.1159147014499269,199121,639,681,650.01853731755,0.6086140068578215,675473135,1073.5072302636331,2258.98146268245,201379.98146268245
286.923,1781432310,682099688,2909,202030,1.9986463285826448,199121,639,681,650.0185314023847,0.6085168853391636,685860667,1073.5072361787984,2258.9814685976153,201379.9814685976
291.362,1808656080,692524702,2909,202030,3.533186551972888,199121,639,681,650.0185294567486,0.6084848680107672,696483452,1073.5072381244345,2258.9814705432514,201379.98147054325
295.925,1836578848,703218876,2909,202030,1.1480596503091165,199121,639,681,650.0185284217258,0.608467789155871,707219438,1073.5072391594572,2258.981471578274,201379.98147157827
300.539,1864810348,714031514,2909,202030,3.4769373754032813,199121,639,681,650.0185295695856,0.6084865224226342,717837505,1070.9433456830077,2258.9814704304144,201379.98147043042
305.019,1892238169,724533134,2909,202030,3.4481365183792567,199121,639,681,650.0185245678525,0.6084052795248586,728372187,1072.7961086086339,2258.9814754321474,201379.98147543214
309.521,1919856517,735113506,2909,202030,1.7920971580606928,199121,639,699,650.0185260732046,0.6084298730455069,738884050,1070.1038641355788,2258.9814739267954,201379.9814739268
313.973,1947079724,745538654,2909,202030,1.8519719134007067,199121,639,699,650.0185303842541,0.6085022482103559,749334704,1070.1038598245293,2258.981469615746,201379.98146961574
318.408,1974286992,755957227,2909,202030,3.042141971424183,199121,639,699,650.0185309403656,0.6085112492219233,759815731,1070.6381073853377,2258.9814690596345,201379.98146905962
323.646,2006335070,768229284,2909,202030,1.2597400991450545,199121,639,699,650.0185345357212,0.60857008317382,772146668,1071.0763082644617,2258.9814654642787,201379.98146546428
328.193,2034193634,778898684,2909,202030,1.9293052752715478,199121,639,699,650.0185336170683,0.6085548986871071,782908158,1071.0763091831145,2258.9814663829316,201379.98146638295
332.840,2062621938,789787582,2909,202030,1.3261441113402916,199121,639,699,650.0185383165436,0.6086318585322583,793845545,1071.0763044836394,2258.9814616834565,201379.98146168346
337.477,2091008056,800654668,2909,202030,2.2683472420825526,199121,639,699,650.0185323767707,0.6085343279782873,804674985,1071.0763104234122,2258.981467623229,201379.98146762323
342.219,2120073912,811785518,2909,202030,1.7750368926760323,199121,639,699,650.0185308425037,0.60850905164752,815661781,1073.027831079598,2258.9814691574966,201379.9814691575
346.717,2147586460,822321514,2909,202030,2.307115492337384,199121,639,699,650.0185302491586,0.6085000124169029,826130284,1073.2207598763046,2258.9814697508414,201379.98146975084
351.186,2174978042,832813208,2909,202030,2.4407532634759352,199121,639,699,650.0185303337764,0.6085012900040198,836686494,1070.8046954726751,2258.9814696662233,201379.98146966624
355.759,2203026165,843551438,2909,202030,2.276820066728531,199121,639,699,650.0185323605839,0.6085344257822953,847451674,1066.3185060960404,2258.981467639416,201379.98146763942
360.312,2230871838,854217943,2909,202030,3.760640094646262,199121,639,699,650.0185260499073,0.608430800126345,858124645,1073.8969983562206,2258.9814739500925,201379.9814739501
364.845,2258623631,864845848,2909,202030,3.2669890590549655,199121,639,699,650.0185252205274,0.6084170903763719,868783180,1074.621430804636,2258.9814747794726,201379.98147477946
369.389,2286466960,875507344,2909,202030,2.2540970213713476,199121,639,699,650.0185234665597,0.6083882129471412,879536233,1075.7359708134477,2258.9814765334404,201379.98147653343
374.032,2314878261,886389508,2909,202030,2.7633080576067495,199121,639,699,650.018522985384,0.608380219105083,890300330,1075.7359712946231,2258.981477014616,201379.9814770146
378.618,2342959647,897144720,2909,202030,1.4108682431780695,199121,639,699,650.0185232636028,0.608384684485705,901310933,1075.7359710164046,2258.9814767363973,201379.9814767364
383.891,2375250476,909512594,2909,202030,2.1182891521710823,199121,639,699,650.01852412247,0.6083986693780465,913373361,1076.128253848823,2258.98147587753,201379.98147587752
388.353,2402579559,919978715,2909,202030,1.413256572204109,199121,639,699,650.0185263142437,0.6084352480412426,923920418,1069.304297046559,2258.981473685756,201379.98147368577
392.910,2430461795,930657848,2909,202030,1.6353276431568018,199121,639,699,650.0185245459382,0.608406140566306,934587010,1070.172945779144,2258.9814754540616,201379.98147545406
397.459,2458349096,941337786,2909,202030,0.8046814938605449,199121,639,699,650.018524839323,0.6084108599985761,945088899,1072.0598832390851,2258.981475160677,201379.9814751607
401.925,2485691609,951809008,2909,202030,1.624874154290151,199121,639,699,650.0185257742988,0.6084261064865399,955662080,1072.992922117035,2258.9814742257013,201379.9814742257
406.463,2513521417,962464446,2909,202030,1.0367916821295182,199121,639,699,650.0185253176502,0.608418523642222,966348882,1072.9929225736837,2258.98147468235,201379.98147468234
410.996,2541234974,973078476,2909,202030,2.69982287596204,199121,639,699,650.0185266035252,0.6084402032373294,976943236,1072.9929212878087,2258.981473396475,201379.98147339647
415.512,2568888048,983671594,2909,202030,1.2578344130316106,199121,639,699,650.0185242620128,0.6084016960438873,987487652,1072.9929236293212,2258.9814757379872,201379.981475738
419.996,2596351118,994183300,2909,202030,1.3255614366407895,199121,639,699,650.0185239175189,0.6083959526760483,998044824,1078.4300774210774,2258.981476082481,201379.98147608247
424.514,2624051371,1004791710,2909,202030,1.3979966827410102,199121,639,699,650.0185241413351,0.6083995347237455,1008635146,1077.642779934613,2258.981475858665,201379.98147585866
429.005,2651553573,1015324512,2909,202030,2.616897086921502,199121,639,699,650.0185229604442,0.6083800730920381,1019156741,1069.4678109504607,2258.981477039556,201379.98147703955
433.533,2679245150,1025930603,2909,202030,2.5801582441979973,199121,639,699,650.018527467114,0.6084539206936455,1029869862,1069.4678064437908,2258.981472532886,201379.98147253288
438.063,2706996125,1036561842,2909,202030,1.7522487125835837,199121,639,699,650.0185259705662,0.6084292856057507,1040432399,1069.4678079403388,2258.9814740294337,201379.98147402942
442.614,2734877218,1047235680,2909,202030,1.0897534578095271,199121,639,699,650.0185240271958,0.6083973187828063,1051230372,1068.7391813096176,2258.981475972804,201379.9814759728
447.828,2766838878,1059477738,2909,202030,2.542331655425004,199121,639,699,650.0185232401166,0.6083843125489621,1063411146,1070.8190949386858,2258.9814767598837,201379.9814767599
452.379,2794657182,1070129616,2909,202031,1.5873630957573386,199122,639,699,650.0185250599468,0.6084147011832488,1074080195,1070.8190931188556,2258.981474940053,201380.98147494005
456.947,2822623043,1080837811,2909,202031,0.9481736966745226,199122,639,699,650.0185239978244,0.6083971921022037,1084707534,1069.7235243134664,2258.9814760021754,201380.98147600217
461.434,2850120552,1091369024,2909,202031,1.5734610467101393,199122,639,699,650.018524194812,0.6084003417983678,1095305907,1069.7235241164788,2258.981475805188,201380.9814758052
465.981,2877955552,1102029662,2909,202031,0.9871853837442448,199122,639,699,650.0185238900996,0.6083964513948713,1105871385,1072.5018363925174,2258.9814761099005,201380.9814761099
470.491,2905560902,1112615944,2909,202031,1.3445832046785988,199122,639,699,650.0185242782493,0.6084027300364384,1116361983,1071.4060850342473,2258.981475721751,201380.98147572175
474.932,2932758569,1123021518,2909,202031,1.7195631390549693,199122,639,699,650.0185228045408,0.6083784639962292,1126867152,1071.406086507956,2258.9814771954593,201380.98147719546
479.432,2960322960,1133577300,2909,202031,1.7304836152066327,199122,639,699,650.0185219129006,0.6083637478621076,1137478624,1071.3102962736903,2258.9814780870993,201380.9814780871
483.953,2988022223,1144187572,2909,202031,2.1290674507142042,199122,639,699,650.018521442107,0.6083559382470092,1148056392,1071.3102967444838,2258.981478557893,201380.9814785579
488.474,3015687546,1154781784,2909,202031,1.9315979484434294,199122,639,699,650.0185184092384,0.6083066592376306,1158591957,1071.4779909603485,2258.9814815907616,201380.98148159077
492.938,3042999990,1165243160,2909,202031,0.6163987940072257,199122,639,699,650.0185169602594,0.608282796482157,1169075253,1069.5305931938422,2258.981483039741,201380.98148303974
497.404,3070347394,1175715786,2909,202031,1.288662119710614,199122,639,699,650.0185179798135,0.6082999990200785,1179543353,1071.0607452652198,2258.9814820201864,201380.9814820202
501.934,3098106397,1186349550,2909,202031,0.9587409153785753,199122,639,699,650.0185192249089,0.6083203389932039,1190245278,1071.4878910315012,2258.981480775091,201380.98148077508
506.488,3126031714,1197047404,2909,202031,1.8658063790199924,199122,639,699,650.0185190018713,0.6083171382269299,1200948094,1068.84209762974,2258.981480998129,201380.98148099813
511.688,3157863206,1209233964,2909,202031,1.5140044251809177,199122,639,699,650.0185202862276,0.608338108805726,1212984493,1068.8420963453837,2258.9814797137724,201380.98147971378
516.119,3184981382,1219618708,2909,202031,1.799560289862944,199122,639,699,650.0185216535658,0.6083604561167938,1223349736,1068.8420949780455,2258.9814783464344,201380.98147834642
520.568,3212213751,1230049494,2909,202031,0.8143645404001012,199122,639,699,650.0185197945164,0.6083303992315876,1233892740,1068.1616895395587,2258.9814802054834,201380.9814802055
525.122,3240094933,1240730578,2909,202031,1.0185773933309625,199122,639,699,650.0185190119254,0.6083179963501055,1244446523,1068.1616903221498,2258.9814809880745,201380.98148098806
529.564,3267303400,1251145752,2909,202031,0.8349937465250395,199122,639,699,650.0185209498753,0.6083497010648471,1254961552,1071.3409896062653,2258.9814790501246,201380.98147905013
534.084,3294999091,1261754080,2909,202031,2.3918245830557043,199122,639,699,650.0185218650233,0.6083646231890322,1265654402,1071.3409886911172,2258.981478134977,201380.98147813499
538.616,3322721546,1272368936,2909,202031,0.5954278682731363,199122,639,699,650.0185222798904,0.6083713403468239,1276130160,1079.4623317350697,2258.9814777201095,201380.9814777201
543.117,3350321573,1282946609,2909,202031,1.3726683152035448,199122,639,699,650.0185256857822,0.6084271267363828,1286967742,1071.325546367565,2258.981474314218,201380.9814743142
547.787,3378894719,1293884700,2909,202031,0.7084459978997055,199122,639,699,650.0185250935483,0.6084173202146099,1297932447,1051.4913972533025,2258.9814749064517,201380.98147490644
552.408,3407191814,1304722482,2909,202031,0.131136042639013,199122,639,699,650.0185260784793,0.6084333902537689,1308781026,1049.6401842884607,2258.981473921521,201380.9814739215
556.988,3435253384,1315462146,2909,202031,0.39837192923641407,199122,639,699,650.0185258205519,0.6084290713173451,1319736415,1048.2070060943415,2258.981474179448,201380.98147417945
561.691,3464103424,1326510522,2909,202031,0.6813891446331136,199122,639,699,650.0185290875445,0.6084825814787977,1330360167,1049.2622855648847,2258.9814709124557,201380.98147091246
566.255,3492016671,1337193258,2909,202031,0.9288393423022121,199122,639,699,650.0185307031899,0.6085094912097995,1341048947,1050.7379197174514,2258.9814692968102,201380.98146929682
570.797,3519831156,1347840590,2909,202031,0.3833218873865778,199122,639,699,650.0185338328455,0.608560739692737,1351772200,1050.737916587796,2258.9814661671544,201380.98146616714
576.045,3551995090,1360156586,2909,202031,0.39892285267770455,199122,639,699,650.0185321719935,0.6085334021936663,1364011731,1050.8163263384952,2258.9814678280063,201380.981467828
580.590,3579874793,1370834618,2909,202031,1.291362709678992,199122,639,699,650.0185298603345,0.608495401882277,1374662277,1050.84298495241,2258.9814701396654,201380.98147013967
585.127,3607609398,1381447176,2909,202031,1.6957654990009536,199122,639,699,650.0185333823032,0.6085530907202285,1385344541,1051.44931491329,2258.9814666176967,201380.9814666177
589.667,3635459998,1392112418,2909,202031,0.6998278601331485,199122,639,699,650.018532149122,0.6085327840969558,1396002149,1050.5515134684565,2258.981467850878,201380.98146785088
594.219,3663313951,1402775920,2909,202031,1.0031976524962603,199122,639,699,650.0185335582345,0.6085562854554923,1406657031,1049.4928084331077,2258.9814664417654,201380.98146644176
598.731,3690958779,1413354719,2909,202031,0.7984910053095989,199122,639,699,650.0185324835898,0.6085385798213128,1417097707,1049.875197956277,2258.9814675164102,201380.98146751642
603.208,3718365745,1423850897,2909,202031,2.2083634142342823,199122,639,699,650.0185342241164,0.6085670495140959,1427586061,1048.631279342743,2258.9814657758834,201380.9814657759
607.687,3745817842,1434357984,2909,202031,1.62807509554278,199122,639,699,650.0185350666151,0.608580788669841,1438316924,1048.6312785002442,2258.981464933385,201380.98146493337
612.265,3773870464,1445097694,2909,202031,0.6668529439488466,199122,639,699,650.0185352909857,0.6085843912439873,1448982917,1049.4952945324417,2258.9814647090143,201380.981464709
616.869,3802084991,1455897546,2909,202031,0.9283757163123343,199122,639,699,650.0185381336164,0.6086309311017964,1460275374,1049.495291689811,2258.9814618663836,201380.98146186638
621.636,3831286959,1467077650,2909,202031,0.3979567673516047,199122,639,699,650.0185373903902,0.6086186669440771,1470965407,1049.4952924330373,2258.98146260961,201380.9814626096
626.200,3859222939,1477773826,2909,202031,0.8975701315398924,199122,639,699,650.0185383137865,0.6086337365245039,1481650398,1049.5221842826618,2258.9814616862136,201380.98146168623
630.727,3886974372,1488402850,2909,202031,0.7133207383544848,199122,639,699,650.0185378730542,0.608626435265752,1492372934,1049.5221847233938,2258.9814621269456,201380.98146212695
635.284,3914943361,1499103324,2909,202031,0.8077225784416655,199122,639,699,650.0185377838591,0.6086249013863699,1502919670,1049.522184812589,2258.981462216141,201380.98146221615
640.557,3947191894,1511448902,2909,202031,1.725277976059808,199122,639,699,650.0185369880052,0.6086117668628205,1515328164,1049.5221856084431,2258.981463011995,201380.981463012
645.132,3975238883,1522185598,2909,202031,0.9628335424993376,199122,639,699,650.0185375554868,0.6086210027134473,1526189363,1051.0425207891537,2258.9814624445135,201380.9814624445
649.748,4003484951,1532999002,2909,202031,0.9310628204232259,199122,639,699,650.0185392487566,0.6086487020597989,1537030997,1051.0713152337917,2258.9814607512435,201380.98146075124
654.408,4032085242,1543952440,2909,202031,1.1325172147737048,199122,639,699,650.01853769062,0.608623079770393,1547934993,1051.5840655227216,2258.98146230938,201380.98146230937
658.977,4060023420,1554643422,2909,202031,1.695442365945761,199122,639,699,650.0185366395133,0.6086061973358224,1558419474,1053.7164922933355,2258.9814633604865,201380.98146336048
663.494,4087699698,1565242746,2909,202031,0.8687207303260173,199122,639,699,650.0185375207033,0.6086205795745933,1569205530,1054.394126748446,2258.9814624792966,201380.9814624793
668.093,4115916623,1576041730,2909,202031,1.7655688728950232,199122,639,699,650.0185376842895,0.6086231934142606,1580050644,1054.8243520699739,2258.9814623157104,201380.9814623157
672.725,4144233297,1586882692,2909,202031,1.6426439664793804,199122,639,699,650.0185361276799,0.6085980102619757,1590770225,1054.8243536265836,2258.98146387232,201380.98146387233
677.275,4172103260,1597555006,2909,202031,1.705474680413351,199122,638,699,650.0185368261172,0.6086093963748096,1601417622,1056.5365351524565,2258.9814631738827,201380.98146317387
681.790,4199778845,1608145924,2909,202031,1.3747043877973533,199122,638,699,650.0185384712377,0.6086367170180398,1611970028,1056.5845454048756,2258.9814615287623,201380.98146152878
686.339,4227672050,1618825788,2909,202031,1.1293215948479258,199122,638,699,650.0185420597055,0.6086954935138995,1622757152,1056.5845418164076,2258.9814579402946,201380.9814579403
690.891,4255660038,1629539758,2909,202031,0.679822129156643,199122,638,699,650.0185435970634,0.6087206339683946,1633429582,1056.5845402790499,2258.9814564029366,201380.98145640292
695.406,4283189435,1640079644,2909,202032,0.6102192442487662,199123,638,699,650.0185440471901,0.6087283481923537,1643863375,1057.4600572400504,2258.98145595281,201381.9814559528
700.604,4315115846,1652303102,2909,202032,1.3806717248443485,199123,638,699,650.0185437201621,0.6087233026873552,1656125078,1057.7166697800526,2258.981456279838,201381.98145627984
705.099,4342554466,1662805467,2909,202032,1.396204726842452,199123,638,699,650.0185445576024,0.6087369648722966,1666546092,1057.7166689426124,2258.9814554423974,201381.9814554424
709.531,4369729467,1673207872,2909,202032,1.0852982217354281,199123,638,699,650.0185448508405,0.6087417045310534,1676958217,1057.829305641136,2258.9814551491595,201381.98145514916
713.991,4397027377,1683659940,2909,202032,1.0690185111394634,199123,638,699,650.018544482993,0.6087356036126345,1687624293,1059.80782271093,2258.981455517007,201381.981455517
718.589,4425192983,1694444744,2909,202032,0.5960051927977126,199123,638,699,650.0185441584254,0.608730212715523,1698362324,1059.8078230354974,2258.9814558415746,201381.98145584157
723.153,4453177551,1705159978,2909,202032,0.2666753210262916,199123,638,699,650.0185449781876,0.6087435868276878,1709014682,1061.1739758423187,2258.9814550218125,201381.9814550218
727.703,4481061596,1715829602,2909,202032,0.7926854830941716,199123,638,699,650.018545199516,0.6087471487379046,1719743159,1058.1916116291318,2258.9814548004842,201381.9814548005
732.263,4508969857,1726513904,2909,202032,0.7084828724327398,199123,638,699,650.0185466190605,0.6087703581733612,1730416735,1058.2458230476598,2258.9814533809395,201381.98145338093
736.780,4536653607,1737117554,2909,202032,0.6504319916440118,199123,638,699,650.0185475221078,0.6087850990545949,1741124222,1057.4389381995118,2258.981452477892,201381.9814524779
741.385,4564814264,1747892726,2909,202032,1.2088110801171472,199123,638,699,650.0185481671233,0.6087956114608027,1751563903,1055.5366541725784,2258.9814518328767,201381.98145183286
745.771,4591722811,1758196456,2909,202032,0.5198824579047526,199123,638,699,650.0185481377692,0.6087950674561552,1762088486,1055.5366542019324,2258.9814518622306,201381.98145186223
750.302,4619492602,1768828094,2909,202032,1.0146288280601947,199123,638,699,650.0185492033648,0.6088124753562834,1772741360,1053.9440132452532,2258.9814507966353,201381.98145079662
754.843,4647298683,1779469176,2909,202032,0.7007895052911967,199123,638,699,650.0185454889154,0.6087518810865737,1783301597,1054.2808950749456,2258.981454511085,201381.9814545111
759.315,4674697995,1789957826,2909,202032,0.7214979608538327,199123,638,699,650.0185445855615,0.6087370059191364,1793888566,1055.9490652197192,2258.9814554144386,201381.98145541444
764.725,4707842872,1802649838,2909,202032,1.2471967532989492,199123,638,699,650.0185433640469,0.6087169018943176,1806563249,1055.9823347367465,2258.9814566359532,201381.98145663596
769.365,4736250634,1813524670,2909,202032,0.9106405404389332,199123,638,699,650.0185445538197,0.60873634788576,1817424152,1055.7226583411143,2258.9814554461805,201381.9814554462
773.916,4764133104,1824198538,2909,202032,1.3671189718716137,199123,638,699,650.0185450495001,0.6087444135464677,1828228067,1057.473302523406,2258.9814549505,201381.9814549505
778.514,4792303675,1834983990,2909,202032,0.4707450220169948,199123,638,699,650.018545628311,0.6087542015429012,1838797771,1058.3626328737396,2258.981454371689,201381.98145437168
783.003,4819810934,1845516112,2909,202032,0.8843278519356129,199123,638,699,650.0185473011725,0.6087815685925905,1849398987,1059.5375260325695,2258.9814526988275,201381.98145269882
787.534,4847587438,1856149342,2909,202032,0.6035392793671976,199123,638,699,650.0185479311875,0.6087921905254206,1860012292,1058.3448900612966,2258.9814520688124,201381.9814520688
792.088,4875471861,1866823076,2909,202032,0.8330302579506571,199123,638,699,650.0185483435926,0.6087988888988493,1870805327,1056.6644990802067,2258.9814516564074,201381.9814516564
796.672,4903536928,1877567304,2909,202032,0.8013079319467094,199123,638,699,650.0185474981047,0.6087849637567021,1881683438,1057.5555360278809,2258.9814525018955,201381.9814525019
801.330,4932056894,1888484481,2909,202032,0.7543043403505394,199123,638,699,650.0185470258739,0.6087771599248383,1892387504,1057.3467796222892,2258.981452974126,201381.9814529741
805.884,4959973001,1899171868,2909,202032,0.8522480870657465,199123,638,699,650.0185465249588,0.608768886424787,1903082118,1057.2706978771942,2258.9814534750412,201381.98145347505
810.425,4987809925,1909830506,2909,202032,0.23818187217709585,199123,638,699,650.0185461597273,0.6087628385755048,1913709389,1057.335759263679,2258.9814538402725,201381.98145384027
814.969,5015639596,1920483384,2909,202032,1.2085980058922878,199123,638,699,650.018545701465,0.6087552654133909,1924433005,1057.5391905055849,2258.981454298535,201381.98145429854
819.546,5043666503,1931210333,2909,202032,1.4055628838233676,199123,638,699,650.0185467099888,0.6087717437061321,1934989010,1057.5879513779369,2258.9814532900114,201381.98145329
824.684,5075179141,1943277688,2909,202032,0.4120641496386541,199123,638,699,650.0185482182385,0.6087964057647688,1947342841,1057.5879498696872,2258.9814517817613,201381.98145178176
829.327,5103627703,1954166315,2909,202032,0.8023430489635776,199123,638,699,650.0185469651889,0.6087758032101874,1958196375,1057.5606305342203,2258.9814530348112,201381.98145303482
834.023,5132361984,1965167294,2909,202032,1.328065676826586,199123,638,699,650.0185467331121,0.608771941306953,1968942982,1057.560630766297,2258.981453266888,201381.9814532669
838.518,5159913659,1975715478,2909,202032,1.372263270074225,199123,638,699,650.0185460813664,0.6087611982739285,1979829554,1057.9060933063286,2258.9814539186336,201381.98145391862
843.200,5188595347,1986697314,2909,202032,1.2893430613871304,199123,638,699,650.0185447946106,0.6087400429854332,1990828196,1059.5193846758507,2258.9814552053895,201381.9814552054
847.883,5217233657,1997665020,2909,202032,0.1727560842115452,199123,638,699,650.0185457290098,0.6087556380145304,2001457046,1050.8076621081618,2258.98145427099,201381.98145427098
852.360,5244638494,2008158164,2909,202032,0.3850016614700918,199123,638,699,650.0185437861696,0.6087237268777733,2011901974,1051.7402344412158,2258.9814562138304,201381.98145621383
856.817,5271937804,2018609740,2909,202032,0.7554978558316846,199123,638,699,650.0185430820903,0.608712126867718,2022519224,1052.7334706818888,2258.98145691791,201381.9814569179
861.340,5299651755,2029223372,2909,202032,1.0021966048974853,199123,638,699,650.0185420529314,0.6086951974238434,2032961514,1053.7999417652927,2258.9814579470685,201381.98145794705
865.782,5326878624,2039652228,2909,202032,0.9058853765240212,199123,638,699,650.0185422219781,0.6086979154736301,2043628862,1053.8986346619506,2258.9814577780216,201381.98145777802
870.408,5355212817,2050501228,2909,202032,1.068457487597173,199123,638,699,650.0185422991105,0.6086991248092833,2054708522,1054.8303332940397,2258.981457700889,201381.9814577009
875.239,5384860637,2061875416,2909,202032,0.8014519865836967,199123,638,699,650.0185422816625,0.6086991019991327,2065770583,1054.9646097105178,2258.9814577183374,201381.98145771833
879.863,5413118197,2072677126,2909,202032,0.5905558754973552,199123,638,699,650.0185427262408,0.6087063371171234,2076659036,1055.6517880730194,2258.981457273759,201381.98145727377
885.167,5445580439,2085106768,2909,202032,0.9171586894999862,199123,638,699,650.0185435543843,0.6087198548347852,2089038552,1055.4937614982418,2258.9814564456155,201381.98145644562
889.748,5473637735,2095855490,2909,202032,0.9658529445957205,199123,638,699,650.0185423023079,0.608699269985725,2099888102,1055.8611607946975,2258.9814576976923,201381.9814576977
894.349,5501843351,2106655590,2909,202032,0.6263486530152937,199123,638,699,650.0185423618848,0.6087001947743608,2110546663,1056.6976313644375,2258.981457638115,201381.98145763812
898.840,5529308516,2117172264,2909,202032,0.4569585829202083,199123,638,699,650.0185409597059,0.6086771506040014,2121037995,1056.7898231866666,2258.981459040294,201381.98145904028
903.355,5556947077,2127752880,2909,202032,0.897754894886144,199123,638,699,650.0185404059833,0.6086680192706592,2131667453,1058.3223796662392,2258.9814595940165,201381.981459594
